{"cameraMode":{"drawMode":0,"name":"Shaded","section":"Shading Mode"},"sceneLighting":true,"audioPlay":false,"sceneViewState":{"showFog":true,"showMaterialUpdate":false,"showSkybox":true,"showFlares":true,"showImageEffects":true,"showParticleSystems":true},"in2DMode":false,"pivot":{"x":8.962215423583985,"y":11.273550033569336,"z":8.962215423583985},"rotation":{"x":-0.08717229962348938,"y":0.8995905518531799,"z":-0.21045254170894624,"w":-0.372622549533844},"size":2.6146605014801027,"orthographic":false}